{"business_id":"Apn5Q_b6Nz61Tq4XzPdf9A","name":"Minhas Micro Brewery","neighborhood":"","address":"1314 44 Avenue NE","city":"Calgary","state":"AB","postal_code":"T2E 6L6","latitude":51.0918130155,"longitude":-114.031674872,"stars":4.0,"review_count":24,"is_open":1,"attributes":{"BikeParking":"False","BusinessAcceptsCreditCards":"True","BusinessParking":"{'garage': False, 'street': True, 'validated': False, 'lot': False, 'valet': False}","GoodForKids":"True","HasTV":"True","NoiseLevel":"average","OutdoorSeating":"False","RestaurantsAttire":"casual","RestaurantsDelivery":"False","RestaurantsGoodForGroups":"True","RestaurantsPriceRange2":"2","RestaurantsReservations":"True","RestaurantsTakeOut":"True"},"categories":"Tours, Breweries, Pizza, Restaurants, Food, Hotels & Travel","hours":{"Monday":"8:30-17:0","Tuesday":"11:0-21:0","Wednesday":"11:0-21:0","Thursday":"11:0-21:0","Friday":"11:0-21:0","Saturday":"11:0-21:0"}}
{"business_id":"AjEbIBw6ZFfln7ePHha9PA","name":"CK'S BBQ & Catering","neighborhood":"","address":"","city":"Henderson","state":"NV","postal_code":"89002","latitude":35.9607337,"longitude":-114.939821,"stars":4.5,"review_count":3,"is_open":0,"attributes":{"Alcohol":"none","BikeParking":"False","BusinessAcceptsCreditCards":"True","BusinessParking":"{'garage': False, 'street': True, 'validated': False, 'lot': True, 'valet': False}","Caters":"True","DogsAllowed":"True","DriveThru":"False","GoodForKids":"True","GoodForMeal":"{'dessert': False, 'latenight': False, 'lunch': False, 'dinner': False, 'breakfast': False, 'brunch': False}","HasTV":"False","OutdoorSeating":"True","RestaurantsAttire":"casual","RestaurantsDelivery":"False","RestaurantsGoodForGroups":"True","RestaurantsPriceRange2":"2","RestaurantsReservations":"False","RestaurantsTableService":"False","RestaurantsTakeOut":"True","WheelchairAccessible":"True","WiFi":"no"},"categories":"Chicken Wings, Burgers, Caterers, Street Vendors, Barbeque, Food Trucks, Food, Restaurants, Event Planning & Services","hours":{"Friday":"17:0-23:0","Saturday":"17:0-23:0","Sunday":"17:0-23:0"}}
{"business_id":"O8S5hYJ1SMc8fA4QBtVujA","name":"La Bastringue","neighborhood":"Rosemont-La Petite-Patrie","address":"1335 rue Beaubien E","city":"Montréal","state":"QC","postal_code":"H2G 1K7","latitude":45.5405031,"longitude":-73.5993003,"stars":4.0,"review_count":5,"is_open":0,"attributes":{"Alcohol":"beer_and_wine","Ambience":"{'romantic': False, 'intimate': False, 'classy': False, 'hipster': False, 'touristy': False, 'trendy': False, 'upscale': False, 'casual': False}","BikeParking":"True","BusinessAcceptsCreditCards":"False","BusinessParking":"{'garage': False, 'street': False, 'validated': False, 'lot': False, 'valet': False}","Caters":"False","GoodForKids":"True","GoodForMeal":"{'dessert': False, 'latenight': False, 'lunch': False, 'dinner': False, 'breakfast': False, 'brunch': False}","HasTV":"True","NoiseLevel":"average","OutdoorSeating":"False","RestaurantsAttire":"casual","RestaurantsDelivery":"False","RestaurantsGoodForGroups":"True","RestaurantsPriceRange2":"2","RestaurantsReservations":"True","RestaurantsTableService":"True","RestaurantsTakeOut":"False","WiFi":"free"},"categories":"Breakfast & Brunch, Restaurants, French, Sandwiches, Cafes","hours":{"Monday":"10:0-22:0","Tuesday":"10:0-22:0","Wednesday":"10:0-22:0","Thursday":"10:0-22:0","Friday":"10:0-22:0","Saturday":"10:0-22:0","Sunday":"10:0-22:0"}}
{"business_id":"bFzdJJ3wp3PZssNEsyU23g","name":"Geico Insurance","neighborhood":"","address":"211 W Monroe St","city":"Phoenix","state":"AZ","postal_code":"85003","latitude":33.4499993,"longitude":-112.0769793,"stars":1.5,"review_count":8,"is_open":1,"attributes":null,"categories":"Insurance, Financial Services","hours":null}
{"business_id":"8USyCYqpScwiNEb58Bt6CA","name":"Action Engine","neighborhood":"","address":"2005 Alyth Place SE","city":"Calgary","state":"AB","postal_code":"T2H 0N5","latitude":51.0355914,"longitude":-114.0273656,"stars":2.0,"review_count":4,"is_open":1,"attributes":{"BusinessAcceptsCreditCards":"True"},"categories":"Home & Garden, Nurseries & Gardening, Shopping, Local Services, Automotive, Electronics Repair","hours":{"Monday":"8:0-17:0","Tuesday":"8:0-17:0","Wednesday":"8:0-17:0","Thursday":"8:0-17:0","Friday":"8:0-17:0"}}
{"business_id":"45bWSZtniwPRiqlivpS8Og","name":"The Coffee Bean & Tea Leaf","neighborhood":"","address":"20235 N Cave Creek Rd, Ste 1115","city":"Phoenix","state":"AZ","postal_code":"85024","latitude":33.6713751,"longitude":-112.0300171,"stars":4.0,"review_count":63,"is_open":1,"attributes":{"BikeParking":"True","BusinessAcceptsCreditCards":"True","BusinessParking":"{'garage': False, 'street': False, 'validated': False, 'lot': True, 'valet': False}","Caters":"False","OutdoorSeating":"True","RestaurantsPriceRange2":"1","RestaurantsTakeOut":"True","WheelchairAccessible":"True","WiFi":"free"},"categories":"Coffee & Tea, Food","hours":{"Monday":"5:30-20:0","Tuesday":"5:30-20:0","Wednesday":"5:30-20:0","Thursday":"5:30-20:0","Friday":"5:30-21:0","Saturday":"5:30-21:0","Sunday":"6:30-19:0"}}
{"business_id":"9A2quhZLyWk0akUetBd8hQ","name":"Bnc Cake House","neighborhood":"Koreatown","address":"631 Bloor St W","city":"Toronto","state":"ON","postal_code":"M6G 1K8","latitude":43.6643776,"longitude":-79.4144238,"stars":4.0,"review_count":7,"is_open":0,"attributes":{"BusinessParking":"{'garage': False, 'street': False, 'validated': False, 'lot': False, 'valet': False}","RestaurantsPriceRange2":"1"},"categories":"Food, Bakeries","hours":null}
{"business_id":"6OuOZAok8ikONMS_T3EzXg","name":"Thai One On","neighborhood":"Ridgewood","address":"3417 Derry Road E, Unit 103","city":"Mississauga","state":"ON","postal_code":"L4T 1A8","latitude":43.7129464,"longitude":-79.6327631,"stars":2.0,"review_count":7,"is_open":1,"attributes":{"Alcohol":"none","BusinessAcceptsCreditCards":"True","BusinessParking":"{'garage': False, 'street': False, 'validated': False, 'lot': False, 'valet': False}","GoodForKids":"True","OutdoorSeating":"False","RestaurantsAttire":"casual","RestaurantsGoodForGroups":"True","RestaurantsPriceRange2":"2","RestaurantsTableService":"False","RestaurantsTakeOut":"True"},"categories":"Restaurants, Thai","hours":null}
{"business_id":"8-NRKkPY1UiFXW20WXKiXg","name":"Filiberto's Mexican Food","neighborhood":"","address":"1440 N. Dysart Ave","city":"Avondale","state":"AZ","postal_code":"85323","latitude":33.4481059352,"longitude":-112.341302074,"stars":2.5,"review_count":40,"is_open":1,"attributes":{"Alcohol":"none","Ambience":"{'romantic': False, 'intimate': False, 'classy': False, 'hipster': False, 'divey': False, 'touristy': False, 'trendy': False, 'upscale': False, 'casual': True}","BikeParking":"True","BusinessAcceptsCreditCards":"True","BusinessParking":"{'garage': False, 'street': False, 'validated': False, 'lot': True, 'valet': False}","Caters":"False","GoodForKids":"True","GoodForMeal":"{'dessert': False, 'latenight': True, 'lunch': False, 'dinner': False, 'breakfast': False, 'brunch': False}","HasTV":"False","NoiseLevel":"average","OutdoorSeating":"False","RestaurantsAttire":"casual","RestaurantsDelivery":"False","RestaurantsGoodForGroups":"True","RestaurantsPriceRange2":"1","RestaurantsReservations":"False","RestaurantsTableService":"False","RestaurantsTakeOut":"True","WheelchairAccessible":"True","WiFi":"no"},"categories":"Mexican, Restaurants","hours":{"Monday":"0:0-0:0","Tuesday":"0:0-0:0","Wednesday":"0:0-0:0","Thursday":"0:0-0:0","Friday":"0:0-0:0","Saturday":"0:0-0:0","Sunday":"0:0-0:0"}}
{"business_id":"UTm5QZThPQlT35mkAcGOjg","name":"Maggie & Stella's Gifts","neighborhood":"Oakland","address":"209 Oakland Ave","city":"Pittsburgh","state":"PA","postal_code":"15213","latitude":40.4414214,"longitude":-79.9564571,"stars":3.5,"review_count":3,"is_open":1,"attributes":{"BikeParking":"True","BusinessAcceptsCreditCards":"True","BusinessParking":"{'garage': False, 'street': False, 'validated': False, 'lot': False, 'valet': False}","RestaurantsPriceRange2":"2"},"categories":"Flowers & Gifts, Gift Shops, Shopping","hours":{"Monday":"9:0-18:0","Tuesday":"9:0-18:0","Wednesday":"9:0-18:0","Thursday":"9:0-18:0","Friday":"9:0-17:0","Saturday":"10:0-17:0"}}
{"business_id":"KapTdGyGs7RK0c68Z6hhhg","name":"Sushi 8","neighborhood":"Unionville","address":"4568 Highway 7 E","city":"Markham","state":"ON","postal_code":"L3R 1M5","latitude":43.862484,"longitude":-79.3069597,"stars":1.5,"review_count":12,"is_open":0,"attributes":{"GoodForKids":"True","NoiseLevel":"loud","RestaurantsAttire":"casual","RestaurantsGoodForGroups":"True","RestaurantsTakeOut":"True"},"categories":"Restaurants, Japanese","hours":{"Monday":"11:30-23:0","Tuesday":"11:30-23:0","Wednesday":"11:30-23:0","Thursday":"11:30-23:0","Friday":"11:30-23:0","Saturday":"11:30-23:0","Sunday":"12:0-23:0"}}
{"business_id":"tZnSodhPwNr4bzrwJ1CSbw","name":"Southern Accent Restaurant","neighborhood":"Palmerston","address":"595 Markham Street","city":"Toronto","state":"ON","postal_code":"M6G 2L7","latitude":43.6641249,"longitude":-79.4118861,"stars":4.0,"review_count":146,"is_open":0,"attributes":{"Alcohol":"full_bar","Ambience":"{'romantic': False, 'intimate': False, 'classy': False, 'hipster': False, 'touristy': False, 'trendy': False, 'upscale': False, 'casual': False}","BikeParking":"True","BusinessAcceptsCreditCards":"True","BusinessParking":"{'garage': False, 'street': True, 'validated': False, 'lot': False, 'valet': False}","Caters":"True","DogsAllowed":"False","GoodForKids":"False","GoodForMeal":"{'dessert': False, 'latenight': False, 'lunch': False, 'dinner': True, 'breakfast': False, 'brunch': False}","HasTV":"False","NoiseLevel":"average","OutdoorSeating":"True","RestaurantsAttire":"casual","RestaurantsDelivery":"False","RestaurantsGoodForGroups":"True","RestaurantsPriceRange2":"2","RestaurantsReservations":"True","RestaurantsTableService":"True","RestaurantsTakeOut":"True","WheelchairAccessible":"False","WiFi":"no"},"categories":"Cajun\/Creole, Southern, Restaurants","hours":{"Tuesday":"17:0-1:0","Wednesday":"17:0-1:0","Thursday":"17:0-1:0","Friday":"17:0-1:0","Saturday":"17:0-1:0","Sunday":"17:0-1:0"}}
{"business_id":"_c3ixq9jYKxhLUB0czi0ug","name":"Original Hamburger Works","neighborhood":"","address":"2801 N 15th Ave","city":"Phoenix","state":"AZ","postal_code":"85007","latitude":33.4798071,"longitude":-112.0911877,"stars":4.0,"review_count":277,"is_open":1,"attributes":{"Alcohol":"full_bar","Ambience":"{'romantic': False, 'intimate': False, 'classy': False, 'hipster': False, 'divey': False, 'touristy': False, 'trendy': False, 'upscale': False, 'casual': True}","BYOB":"False","BYOBCorkage":"yes_free","BestNights":"{'monday': False, 'tuesday': True, 'friday': True, 'wednesday': False, 'thursday': False, 'sunday': False, 'saturday': True}","BikeParking":"True","BusinessAcceptsCreditCards":"True","BusinessParking":"{'garage': False, 'street': False, 'validated': False, 'lot': True, 'valet': False}","Caters":"False","CoatCheck":"False","Corkage":"False","DriveThru":"False","GoodForDancing":"False","GoodForKids":"True","GoodForMeal":"{'dessert': False, 'latenight': False, 'lunch': True, 'dinner': True, 'breakfast': False, 'brunch': False}","HappyHour":"True","HasTV":"True","Music":"{'dj': False, 'background_music': False, 'no_music': False, 'karaoke': False, 'live': False, 'video': False, 'jukebox': False}","NoiseLevel":"average","OutdoorSeating":"True","RestaurantsAttire":"casual","RestaurantsDelivery":"False","RestaurantsGoodForGroups":"True","RestaurantsPriceRange2":"1","RestaurantsReservations":"False","RestaurantsTableService":"False","RestaurantsTakeOut":"True","Smoking":"outdoor","WheelchairAccessible":"True","WiFi":"no"},"categories":"Bars, Sports Bars, Dive Bars, Burgers, Nightlife, Sandwiches, Restaurants","hours":{"Monday":"11:0-22:0","Tuesday":"11:0-22:0","Wednesday":"11:0-22:0","Thursday":"11:0-22:0","Friday":"11:0-23:0","Saturday":"11:0-22:0","Sunday":"11:0-21:0"}}
{"business_id":"bBUMib8l6Me1ZB1_Qkezkg","name":"Mysore Indian Cuisine","neighborhood":"Plateau-Mont-Royal","address":"4216 Saint-Laurent Boul","city":"Montréal","state":"QC","postal_code":"H2W 1Z3","latitude":45.5180358,"longitude":-73.5821744,"stars":3.5,"review_count":19,"is_open":1,"attributes":{"Alcohol":"full_bar","Ambience":"{'romantic': False, 'intimate': False, 'classy': False, 'hipster': False, 'touristy': False, 'trendy': False, 'upscale': False, 'casual': False}","BikeParking":"True","BusinessAcceptsCreditCards":"True","BusinessParking":"{'garage': False, 'street': False, 'validated': False, 'lot': False, 'valet': False}","GoodForKids":"True","GoodForMeal":"{'dessert': False, 'latenight': False, 'lunch': True, 'dinner': False, 'breakfast': False, 'brunch': False}","HasTV":"False","NoiseLevel":"quiet","OutdoorSeating":"False","RestaurantsAttire":"casual","RestaurantsDelivery":"True","RestaurantsGoodForGroups":"True","RestaurantsPriceRange2":"2","RestaurantsReservations":"True","RestaurantsTableService":"True","RestaurantsTakeOut":"True","WheelchairAccessible":"True","WiFi":"no"},"categories":"Restaurants, Pakistani, Indian, Middle Eastern","hours":null}
{"business_id":"o_zDURWzgt5yM5HW_xGJsg","name":"North Haven Barber Shop","neighborhood":"","address":"4404 14 Street NW","city":"Calgary","state":"AB","postal_code":"T2K","latitude":51.0918572,"longitude":-114.094625,"stars":4.5,"review_count":3,"is_open":1,"attributes":{"BusinessParking":"{'garage': False, 'street': False, 'validated': False, 'lot': False, 'valet': False}","ByAppointmentOnly":"False"},"categories":"Beauty & Spas, Barbers","hours":{"Monday":"9:30-18:0","Tuesday":"9:30-18:0","Wednesday":"9:30-18:0","Thursday":"9:30-18:0","Friday":"9:30-18:0","Saturday":"9:30-18:0"}}
{"business_id":"IbTDLI02Sq50C7B-EWK1sg","name":"Safeway Food & Drug","neighborhood":"","address":"1200 37 St SW","city":"Calgary","state":"AB","postal_code":"T3C 1S2","latitude":51.0424689,"longitude":-114.1395743,"stars":2.5,"review_count":4,"is_open":1,"attributes":{"BusinessAcceptsCreditCards":"True","BusinessParking":"{'garage': False, 'street': False, 'validated': False, 'lot': False, 'valet': False}","GoodForMeal":"{'dessert': False, 'latenight': False, 'lunch': False, 'dinner': False, 'breakfast': False, 'brunch': False}","RestaurantsPriceRange2":"2"},"categories":"Delis, Restaurants, Sandwiches","hours":null}
{"business_id":"r89Re4FNgVWHgBfjCVZyVw","name":"Harlow","neighborhood":"Ville-Marie","address":"438 Place Jacques Cartier","city":"Montréal","state":"QC","postal_code":"H2Y 3B3","latitude":45.507699,"longitude":-73.553407,"stars":3.5,"review_count":12,"is_open":0,"attributes":{"Alcohol":"full_bar","BikeParking":"True","BusinessAcceptsCreditCards":"True","BusinessParking":"{'garage': False, 'street': False, 'validated': False, 'lot': False, 'valet': False}","Caters":"False","DogsAllowed":"False","GoodForKids":"False","GoodForMeal":"{'dessert': False, 'latenight': False, 'lunch': False, 'dinner': False, 'breakfast': False, 'brunch': False}","HappyHour":"True","HasTV":"False","NoiseLevel":"average","OutdoorSeating":"True","RestaurantsAttire":"dressy","RestaurantsDelivery":"False","RestaurantsGoodForGroups":"True","RestaurantsPriceRange2":"3","RestaurantsReservations":"True","RestaurantsTakeOut":"False","WheelchairAccessible":"True","WiFi":"free"},"categories":"Nightlife, Bars, American (Traditional), Tapas\/Small Plates, Poutineries, Supper Clubs, Restaurants, Tapas Bars","hours":{"Monday":"11:30-23:0","Tuesday":"11:30-23:0","Wednesday":"11:30-23:0","Thursday":"11:30-3:0","Friday":"11:30-0:0","Saturday":"11:30-0:0","Sunday":"11:30-23:0"}}
{"business_id":"hTzcHtk4-0QJnFUbkKpd5Q","name":"Citi Trends","neighborhood":"","address":"703 N Rancho Dr","city":"Las Vegas","state":"NV","postal_code":"89106","latitude":36.1783477,"longitude":-115.1769162,"stars":4.0,"review_count":4,"is_open":1,"attributes":{"BusinessAcceptsCreditCards":"True","BusinessParking":"{'garage': False, 'street': False, 'validated': False, 'lot': False, 'valet': False}","RestaurantsPriceRange2":"2"},"categories":"Shopping, Fashion, Department Stores","hours":null}
{"business_id":"UwIpS9UKsPiKAv1fiEYhqg","name":"Nevada Title And Payday Loans","neighborhood":"","address":"1549 N Rancho Dr","city":"Las Vegas","state":"NV","postal_code":"89106","latitude":36.1883858514,"longitude":-115.186123699,"stars":1.0,"review_count":4,"is_open":1,"attributes":null,"categories":"Financial Services, Check Cashing\/Pay-day Loans, Title Loans","hours":{"Monday":"10:0-19:0","Tuesday":"10:0-18:0","Wednesday":"10:0-18:0","Thursday":"10:0-18:0","Friday":"10:0-19:0","Saturday":"9:0-16:0","Sunday":"8:0-17:0"}}
{"business_id":"vJIuDBdu01vCA8y1fwR1OQ","name":"CakesbyToi","neighborhood":"","address":"3940 Martin Luther King Blvd, Ste 101","city":"Las Vegas","state":"NV","postal_code":"89106","latitude":36.1922841,"longitude":-115.1592718,"stars":1.5,"review_count":3,"is_open":0,"attributes":{"BikeParking":"True","BusinessAcceptsCreditCards":"True","RestaurantsDelivery":"False"},"categories":"American (Traditional), Food, Bakeries, Restaurants","hours":{"Tuesday":"11:0-18:0","Wednesday":"11:0-18:0","Thursday":"11:0-18:0","Friday":"11:0-18:0","Saturday":"11:0-17:0"}}
{"business_id":"YZCHr68c5aEVHz0bkq9K2g","name":"Park Stone Pavers","neighborhood":"","address":"","city":"Las Vegas","state":"NV","postal_code":"89031","latitude":36.2608162,"longitude":-115.1711298,"stars":5.0,"review_count":20,"is_open":1,"attributes":{"BusinessAcceptsCreditCards":"True"},"categories":"Home Services, Masonry\/Concrete, Professional Services, Contractors","hours":null}
{"business_id":"gJ5xSt6147gkcZ9Es0WxlA","name":"Rally's Hamburgers","neighborhood":"Central","address":"3040 Carnegie Ave","city":"Cleveland","state":"OH","postal_code":"44115","latitude":41.4999894,"longitude":-81.6663746,"stars":3.0,"review_count":5,"is_open":1,"attributes":null,"categories":"Fast Food, Burgers, Restaurants","hours":null}
{"business_id":"3ByGQOVgds2YEu6kzl-XEQ","name":"Rib Shop","neighborhood":"","address":"4131 N 83rd Ave","city":"Phoenix","state":"AZ","postal_code":"85033","latitude":33.4952976,"longitude":-112.2360764,"stars":2.5,"review_count":3,"is_open":1,"attributes":{"Ambience":"{'romantic': False, 'intimate': False, 'classy': False, 'hipster': False, 'divey': False, 'touristy': False, 'trendy': False, 'upscale': False, 'casual': False}","BusinessAcceptsCreditCards":"True","BusinessParking":"{'garage': False, 'street': False, 'validated': False, 'lot': False, 'valet': False}","CoatCheck":"False","GoodForDancing":"False","GoodForKids":"False","GoodForMeal":"{'dessert': False, 'latenight': False, 'lunch': False, 'dinner': False, 'breakfast': False, 'brunch': False}","HasTV":"True","Music":"{'dj': False, 'background_music': False, 'no_music': False, 'karaoke': False, 'live': False, 'video': False, 'jukebox': True}","NoiseLevel":"average","OutdoorSeating":"False","RestaurantsAttire":"casual","RestaurantsPriceRange2":"1","RestaurantsTableService":"True","RestaurantsTakeOut":"True","WiFi":"free"},"categories":"Nightlife, Bars, American (Traditional), Sports Bars, Restaurants","hours":null}
{"business_id":"5J3b7j3Fzo9ISjChmoUoUA","name":"Mabel's Bakery","neighborhood":"Wychwood","address":"746 Street Clair Avenue W","city":"Toronto","state":"ON","postal_code":"M6C 1B5","latitude":43.6813277,"longitude":-79.4278838,"stars":4.0,"review_count":23,"is_open":1,"attributes":{"BikeParking":"True","BusinessAcceptsCreditCards":"True","BusinessParking":"{'garage': False, 'street': False, 'validated': False, 'lot': False, 'valet': False}","OutdoorSeating":"False","RestaurantsDelivery":"False","RestaurantsPriceRange2":"2","RestaurantsTakeOut":"True","WiFi":"no"},"categories":"Food, Bakeries, Coffee & Tea","hours":{"Monday":"7:30-19:0","Tuesday":"7:30-19:0","Wednesday":"7:30-19:0","Thursday":"7:30-19:0","Friday":"7:30-19:0","Saturday":"8:0-18:0","Sunday":"9:0-18:0"}}
{"business_id":"CeuTRtwsq6w5rztGOyNMPg","name":"Salsitas","neighborhood":"","address":"7745 W Thomas Rd","city":"Phoenix","state":"AZ","postal_code":"85033","latitude":33.4796712,"longitude":-112.2251729,"stars":2.5,"review_count":14,"is_open":1,"attributes":{"BusinessAcceptsCreditCards":"True","GoodForKids":"True","GoodForMeal":"{'dessert': False, 'latenight': False, 'lunch': False, 'dinner': False, 'breakfast': False, 'brunch': False}","HasTV":"True","OutdoorSeating":"False","RestaurantsAttire":"casual","RestaurantsDelivery":"False","RestaurantsGoodForGroups":"True","RestaurantsPriceRange2":"1","RestaurantsReservations":"False","RestaurantsTakeOut":"True","WiFi":"no"},"categories":"Mexican, Restaurants","hours":null}
{"business_id":"gsoSAb9t7Ar7Ww6O_3GuOg","name":"Los Toros Numero 2","neighborhood":"","address":"1204 Bear Ln","city":"Monticello","state":"IL","postal_code":"61856","latitude":40.0093278,"longitude":-88.5763857,"stars":3.5,"review_count":6,"is_open":0,"attributes":{"GoodForKids":"True","RestaurantsGoodForGroups":"True","RestaurantsPriceRange2":"1","RestaurantsTableService":"True","RestaurantsTakeOut":"True"},"categories":"Mexican, Restaurants","hours":{"Tuesday":"11:0-21:0","Wednesday":"11:0-21:0","Thursday":"11:0-21:0","Friday":"11:0-21:30","Saturday":"11:0-21:30","Sunday":"11:0-21:0"}}
{"business_id":"guRyrKMBDkcHExGzwxSfvg","name":"ADT Security Services, Inc.","neighborhood":"","address":"","city":"Phoenix","state":"AZ","postal_code":"85001","latitude":33.4316647997,"longitude":-112.102958984,"stars":1.0,"review_count":4,"is_open":1,"attributes":{"BusinessAcceptsCreditCards":"True","ByAppointmentOnly":"True"},"categories":"Home Services, Home Automation, Security Systems","hours":{"Monday":"0:0-0:0","Tuesday":"0:0-0:0","Wednesday":"0:0-0:0","Thursday":"0:0-0:0","Friday":"0:0-0:0","Saturday":"0:0-0:0","Sunday":"0:0-0:0"}}
{"business_id":"PMDlKLd0Mxj0ngCpuUmE5Q","name":"The Coffee Mill Restaurant","neighborhood":"Yorkville","address":"99 Yorkville Avenue","city":"Toronto","state":"ON","postal_code":"M5R 3K5","latitude":43.6708846,"longitude":-79.3923788,"stars":3.5,"review_count":25,"is_open":0,"attributes":{"Ambience":"{'romantic': False, 'intimate': False, 'classy': False, 'hipster': False, 'touristy': False, 'trendy': False, 'upscale': False, 'casual': False}","BusinessAcceptsCreditCards":"True","GoodForKids":"True","GoodForMeal":"{'dessert': False, 'latenight': False, 'lunch': False, 'dinner': False, 'breakfast': False, 'brunch': False}","NoiseLevel":"average","OutdoorSeating":"True","RestaurantsAttire":"casual","RestaurantsDelivery":"False","RestaurantsGoodForGroups":"True","RestaurantsPriceRange2":"2","RestaurantsReservations":"False","RestaurantsTakeOut":"True"},"categories":"Restaurants, Food, Canadian (New), Coffee & Tea","hours":null}
{"business_id":"65DAbjsiws2_T600pNpWFQ","name":"Laurier Optical","neighborhood":"East Credit","address":"1-905 Britannia Road West","city":"Mississauga","state":"ON","postal_code":"L5V 2X8","latitude":43.6092686,"longitude":-79.6990349,"stars":1.0,"review_count":3,"is_open":1,"attributes":null,"categories":"Optometrists, Shopping, Eyewear & Opticians, Health & Medical","hours":{"Monday":"10:0-21:0","Tuesday":"10:0-21:0","Wednesday":"10:0-21:0","Thursday":"10:0-21:0","Friday":"10:0-21:0","Saturday":"10:0-18:0","Sunday":"11:0-17:0"}}
{"business_id":"6YC6CsXRrmPv_iwfvc9onA","name":"Teresas Pizzeria","neighborhood":"","address":"9525 State Rt 14","city":"Streetsboro","state":"OH","postal_code":"44241","latitude":41.2437831,"longitude":-81.3566613,"stars":3.0,"review_count":11,"is_open":1,"attributes":{"BusinessAcceptsCreditCards":"True","BusinessParking":"{'garage': False, 'street': False, 'validated': False, 'lot': False, 'valet': False}","GoodForKids":"False","GoodForMeal":"{'dessert': False, 'latenight': False, 'lunch': False, 'dinner': False, 'breakfast': False, 'brunch': False}","OutdoorSeating":"False","RestaurantsAttire":"casual","RestaurantsDelivery":"True","RestaurantsGoodForGroups":"False","RestaurantsPriceRange2":"2","RestaurantsReservations":"False","RestaurantsTableService":"False","RestaurantsTakeOut":"True"},"categories":"Pizza, Restaurants","hours":{"Monday":"11:0-22:0","Tuesday":"11:0-22:0","Wednesday":"11:0-22:0","Thursday":"11:0-22:0","Friday":"11:0-23:0","Saturday":"11:0-23:0","Sunday":"15:0-21:0"}}
{"business_id":"42uRhhQDzbtKrUYoBPXS8A","name":"Chicken Lips","neighborhood":"","address":"5508 County Rd N, Ste 3","city":"Sun Prairie","state":"WI","postal_code":"53590","latitude":43.149488,"longitude":-89.206641,"stars":4.5,"review_count":102,"is_open":1,"attributes":{"Alcohol":"full_bar","Ambience":"{'romantic': False, 'intimate': False, 'classy': False, 'hipster': False, 'divey': True, 'touristy': False, 'trendy': False, 'upscale': False, 'casual': False}","BikeParking":"False","BusinessAcceptsCreditCards":"False","BusinessParking":"{'garage': False, 'street': False, 'validated': False, 'lot': True, 'valet': False}","Caters":"False","CoatCheck":"False","GoodForDancing":"False","GoodForKids":"False","GoodForMeal":"{'dessert': False, 'latenight': False, 'lunch': True, 'dinner': True, 'breakfast': False, 'brunch': False}","HappyHour":"True","HasTV":"True","Music":"{'dj': False, 'background_music': False, 'no_music': False, 'karaoke': False, 'live': False, 'video': False, 'jukebox': False}","NoiseLevel":"average","OutdoorSeating":"True","RestaurantsAttire":"casual","RestaurantsDelivery":"False","RestaurantsGoodForGroups":"True","RestaurantsPriceRange2":"1","RestaurantsReservations":"False","RestaurantsTableService":"False","RestaurantsTakeOut":"True","Smoking":"outdoor","WheelchairAccessible":"True","WiFi":"no"},"categories":"Nightlife, Restaurants, Bars, Chicken Wings, American (Traditional)","hours":{"Monday":"11:0-0:0","Tuesday":"11:0-0:0","Wednesday":"11:0-0:0","Thursday":"11:0-0:0","Friday":"11:0-0:0","Saturday":"11:0-0:0","Sunday":"11:0-0:0"}}
{"business_id":"B_mz59xi-Q3zCIiXsnBM_A","name":"Schonheit Gardens","neighborhood":"","address":"3008 County Hwy T","city":"Sun Prairie","state":"WI","postal_code":"53590","latitude":43.1223953,"longitude":-89.2391405,"stars":3.5,"review_count":3,"is_open":1,"attributes":{"BusinessAcceptsCreditCards":"True","BusinessParking":"{'garage': False, 'street': False, 'validated': False, 'lot': True, 'valet': False}","DogsAllowed":"True","RestaurantsPriceRange2":"3"},"categories":"Shopping, Gardeners, Home Services, Nurseries & Gardening, Landscaping, Home & Garden, Landscape Architects","hours":{"Monday":"9:0-17:0","Tuesday":"9:0-17:0","Wednesday":"9:0-17:0","Thursday":"9:0-17:0","Friday":"9:0-17:0","Saturday":"9:0-17:0","Sunday":"9:0-17:0"}}
{"business_id":"kgffcoxT6BQp-gJ-UQ7Czw","name":"Subway","neighborhood":"Summerlin","address":"2255 N Rampart Blvd","city":"Las Vegas","state":"NV","postal_code":"89128","latitude":36.2017936,"longitude":-115.2819809,"stars":2.5,"review_count":13,"is_open":1,"attributes":{"Alcohol":"none","Ambience":"{'romantic': False, 'intimate': False, 'classy': False, 'hipster': False, 'divey': False, 'touristy': False, 'trendy': False, 'upscale': False, 'casual': True}","BikeParking":"True","BusinessAcceptsCreditCards":"True","BusinessParking":"{'garage': False, 'street': False, 'validated': False, 'lot': True, 'valet': False}","Caters":"True","DriveThru":"False","GoodForKids":"True","GoodForMeal":"{'dessert': False, 'latenight': False, 'lunch': True, 'dinner': True, 'breakfast': True, 'brunch': False}","HasTV":"False","NoiseLevel":"average","OutdoorSeating":"False","RestaurantsAttire":"casual","RestaurantsDelivery":"False","RestaurantsGoodForGroups":"True","RestaurantsPriceRange2":"1","RestaurantsReservations":"False","RestaurantsTableService":"False","RestaurantsTakeOut":"True","WiFi":"no"},"categories":"Fast Food, Restaurants, Sandwiches","hours":{"Monday":"9:0-21:0","Tuesday":"9:0-21:0","Wednesday":"9:0-21:0","Thursday":"9:0-21:0","Friday":"9:0-21:0","Saturday":"9:0-21:0","Sunday":"9:0-21:0"}}
{"business_id":"0jtRI7hVMpQHpUVtUy4ITw","name":"Omelet House Summerlin","neighborhood":"Summerlin","address":"2227 N Rampart Blvd","city":"Las Vegas","state":"NV","postal_code":"89128","latitude":36.2019904392,"longitude":-115.283122245,"stars":4.0,"review_count":242,"is_open":1,"attributes":{"Alcohol":"beer_and_wine","Ambience":"{'romantic': False, 'intimate': False, 'classy': False, 'hipster': False, 'divey': False, 'touristy': False, 'trendy': False, 'upscale': False, 'casual': True}","BikeParking":"True","BusinessAcceptsCreditCards":"True","BusinessParking":"{'garage': False, 'street': False, 'validated': False, 'lot': False, 'valet': False}","Caters":"False","GoodForKids":"True","GoodForMeal":"{'dessert': False, 'latenight': False, 'lunch': True, 'dinner': False, 'breakfast': True, 'brunch': True}","HasTV":"True","NoiseLevel":"average","OutdoorSeating":"False","RestaurantsAttire":"casual","RestaurantsDelivery":"False","RestaurantsGoodForGroups":"True","RestaurantsPriceRange2":"2","RestaurantsReservations":"False","RestaurantsTableService":"True","RestaurantsTakeOut":"True","WheelchairAccessible":"True","WiFi":"no"},"categories":"Beer, Wine & Spirits, Italian, Food, American (Traditional), Breakfast & Brunch, Restaurants","hours":{"Monday":"7:0-14:30","Tuesday":"7:0-19:0","Wednesday":"7:0-19:0","Thursday":"7:0-19:0","Friday":"7:0-19:0","Saturday":"7:0-14:30","Sunday":"7:0-14:30"}}
{"business_id":"pbluh-ZZi_i8XlprfWB1nQ","name":"Pamper Me Perfect Beauty & Wellness","neighborhood":"","address":"28325 N Tatum Blvd, Ste 5","city":"Cave Creek","state":"AZ","postal_code":"85331","latitude":33.7424883225,"longitude":-111.977420267,"stars":4.5,"review_count":12,"is_open":1,"attributes":{"AcceptsInsurance":"False","BikeParking":"False","BusinessAcceptsBitcoin":"False","BusinessAcceptsCreditCards":"True","BusinessParking":"{'garage': False, 'street': False, 'validated': False, 'lot': True, 'valet': False}","ByAppointmentOnly":"True","GoodForKids":"True","HairSpecializesIn":"{'coloring': True, 'africanamerican': True, 'curly': True, 'perms': True, 'kids': False, 'extensions': True, 'asian': True, 'straightperms': True}","RestaurantsPriceRange2":"2","WheelchairAccessible":"True"},"categories":"Health & Medical, Hair Salons, Skin Care, Hair Extensions, Medical Spas, Cryotherapy, Beauty & Spas","hours":{"Monday":"6:0-20:0","Tuesday":"6:0-20:0","Wednesday":"6:0-20:0","Thursday":"6:0-20:0","Friday":"6:0-20:0","Saturday":"6:0-20:0"}}
{"business_id":"UeyHx5LMFjjI4d-NTYkX9Q","name":"Crossroads Country Cafe'","neighborhood":"","address":"15916 W High St","city":"Middlefield","state":"OH","postal_code":"44062","latitude":41.462443,"longitude":-81.0749908,"stars":2.5,"review_count":3,"is_open":1,"attributes":{"Alcohol":"none","Ambience":"{'romantic': False, 'intimate': False, 'classy': False, 'hipster': False, 'divey': False, 'touristy': False, 'trendy': False, 'upscale': False, 'casual': False}","BusinessAcceptsCreditCards":"True","BusinessParking":"{'garage': False, 'street': True, 'validated': False, 'lot': True, 'valet': False}","Caters":"False","GoodForKids":"True","GoodForMeal":"{'dessert': False, 'latenight': False, 'lunch': False, 'dinner': False, 'breakfast': False, 'brunch': False}","HasTV":"True","NoiseLevel":"average","OutdoorSeating":"False","RestaurantsAttire":"casual","RestaurantsDelivery":"False","RestaurantsGoodForGroups":"True","RestaurantsPriceRange2":"2","RestaurantsReservations":"False","RestaurantsTableService":"True","RestaurantsTakeOut":"True","WheelchairAccessible":"True","WiFi":"free"},"categories":"Restaurants, Cafes","hours":{"Monday":"5:30-14:0","Tuesday":"5:30-14:0","Wednesday":"5:30-14:0","Thursday":"5:30-20:0","Friday":"5:30-20:0","Saturday":"5:30-20:0","Sunday":"7:0-14:0"}}
{"business_id":"WbcAPa3frXsIomKLn2oVDw","name":"Strickland's Ice Cream","neighborhood":"","address":"2930 Medina Rd","city":"Medina","state":"OH","postal_code":"44256","latitude":41.135371,"longitude":-81.793211,"stars":3.5,"review_count":3,"is_open":0,"attributes":null,"categories":"Ice Cream & Frozen Yogurt, Food","hours":null}
{"business_id":"qHF2s8U2yzPLgIOGH_IMBw","name":"John John's Seafood","neighborhood":"Collamer","address":"15828 Euclid Ave","city":"Cleveland","state":"OH","postal_code":"44112","latitude":41.5415709,"longitude":-81.5699009,"stars":4.5,"review_count":3,"is_open":1,"attributes":{"Alcohol":"none","Ambience":"{'romantic': False, 'intimate': False, 'classy': False, 'hipster': False, 'divey': False, 'touristy': False, 'trendy': False, 'upscale': False, 'casual': False}","BikeParking":"True","BusinessAcceptsCreditCards":"True","BusinessParking":"{'garage': False, 'street': False, 'validated': False, 'lot': False, 'valet': False}","Caters":"True","GoodForKids":"False","GoodForMeal":"{'dessert': False, 'latenight': False, 'lunch': False, 'dinner': False, 'breakfast': False, 'brunch': False}","HasTV":"False","NoiseLevel":"quiet","OutdoorSeating":"False","RestaurantsAttire":"casual","RestaurantsDelivery":"False","RestaurantsGoodForGroups":"True","RestaurantsPriceRange2":"2","RestaurantsReservations":"False","RestaurantsTableService":"False","RestaurantsTakeOut":"True","WiFi":"no"},"categories":"Seafood, Restaurants","hours":{"Monday":"10:0-23:0","Tuesday":"10:0-23:0","Wednesday":"10:0-23:0","Thursday":"10:0-23:0","Friday":"10:0-23:0","Saturday":"10:0-0:0"}}
{"business_id":"iTZDPTc36guXhNhoK-jwmw","name":"Wellsprings of Gilbert","neighborhood":"","address":"3319 S Mercy Rd","city":"Gilbert","state":"AZ","postal_code":"85297","latitude":33.2905965,"longitude":-111.7478144,"stars":5.0,"review_count":4,"is_open":1,"attributes":{"AcceptsInsurance":"True","ByAppointmentOnly":"False"},"categories":"Health & Medical, Physical Therapy, Retirement Homes","hours":{"Monday":"0:0-0:0","Tuesday":"0:0-0:0","Wednesday":"0:0-0:0","Thursday":"0:0-0:0","Friday":"0:0-0:0","Saturday":"0:0-0:0","Sunday":"0:0-0:0"}}
{"business_id":"AcGRSWCpb7YB95MTsHlGEw","name":"Little Caesars Pizza","neighborhood":"","address":"4145 N 83Rd","city":"Phoenix","state":"AZ","postal_code":"85033","latitude":33.4954215852,"longitude":-112.235797843,"stars":2.0,"review_count":4,"is_open":1,"attributes":{"Alcohol":"none","Ambience":"{'romantic': False, 'intimate': False, 'classy': False, 'hipster': False, 'divey': False, 'touristy': False, 'trendy': False, 'upscale': False, 'casual': False}","BikeParking":"False","BusinessAcceptsCreditCards":"True","BusinessParking":"{'garage': False, 'street': False, 'validated': False, 'lot': False, 'valet': False}","Caters":"False","GoodForKids":"True","GoodForMeal":"{'dessert': False, 'latenight': False, 'lunch': False, 'dinner': False, 'breakfast': False, 'brunch': False}","HasTV":"False","NoiseLevel":"average","OutdoorSeating":"True","RestaurantsAttire":"casual","RestaurantsDelivery":"False","RestaurantsGoodForGroups":"True","RestaurantsPriceRange2":"1","RestaurantsReservations":"False","RestaurantsTableService":"False","RestaurantsTakeOut":"True","WheelchairAccessible":"True","WiFi":"no"},"categories":"Pizza, Fast Food, Restaurants","hours":{"Monday":"10:30-22:0","Tuesday":"10:30-22:0","Wednesday":"10:30-22:0","Thursday":"10:30-22:0","Friday":"10:30-23:0","Saturday":"10:30-23:0","Sunday":"10:30-22:0"}}
{"business_id":"Zkesf4VRamyOBswJA4_ZhQ","name":"Audio Express","neighborhood":"","address":"2929 North 75th Ave, Suite 26","city":"Phoenix","state":"AZ","postal_code":"85033","latitude":33.509413,"longitude":-112.203724,"stars":3.5,"review_count":29,"is_open":1,"attributes":{"BusinessAcceptsCreditCards":"True"},"categories":"Automotive, Auto Customization, Shopping, Auto Security, Car Stereo Installation, Electronics","hours":{"Monday":"9:0-19:0","Tuesday":"9:0-19:0","Wednesday":"9:0-19:0","Thursday":"9:0-19:0","Friday":"9:0-19:0","Saturday":"9:0-19:0","Sunday":"12:0-17:0"}}
{"business_id":"7A6mfqSfG3AG3WZcr45m-Q","name":"Dunkin Donuts","neighborhood":"","address":"145 Mcmurray Rd","city":"Upper St Clair","state":"PA","postal_code":"15241","latitude":40.326016,"longitude":-80.065199,"stars":2.0,"review_count":5,"is_open":1,"attributes":{"BusinessAcceptsCreditCards":"True","OutdoorSeating":"False","RestaurantsPriceRange2":"1","RestaurantsTakeOut":"True"},"categories":"Coffee & Tea, Food, Breakfast & Brunch, Restaurants, Donuts","hours":{"Monday":"5:0-0:0","Tuesday":"5:0-0:0","Wednesday":"5:0-0:0","Thursday":"5:0-0:0","Friday":"5:0-0:0","Saturday":"5:0-0:0","Sunday":"5:0-0:0"}}
{"business_id":"3pcHGNI8WHv44fcvgkLrMg","name":"Art Bathe","neighborhood":"","address":"100 Steelcase Rd E, Unit 101","city":"Markham","state":"ON","postal_code":"L3R 1E9","latitude":43.8201194,"longitude":-79.347455,"stars":2.0,"review_count":4,"is_open":1,"attributes":{"BusinessAcceptsCreditCards":"True","BusinessParking":"{'garage': False, 'street': False, 'validated': False, 'lot': True, 'valet': False}","RestaurantsPriceRange2":"2","WheelchairAccessible":"True"},"categories":"Home Services, Shopping, Home & Garden, Kitchen & Bath, Interior Design","hours":{"Monday":"9:30-18:30","Tuesday":"9:30-18:30","Wednesday":"9:30-18:30","Thursday":"9:30-18:30","Friday":"9:30-18:30"}}
{"business_id":"zHwXoh40k86P0aiN1aix9Q","name":"Super 8 by Wyndham Toronto East ON","neighborhood":"Scarborough","address":"3280 Kingston Road","city":"Toronto","state":"ON","postal_code":"M1M 1P8","latitude":43.7333951,"longitude":-79.2242058,"stars":2.0,"review_count":3,"is_open":1,"attributes":null,"categories":"Hotels, Hotels & Travel, Event Planning & Services","hours":null}
{"business_id":"0i6GlR5YTCMlwthjqw6ZTQ","name":"Cinthya's Beauty Salon","neighborhood":"Westside","address":"2101 S Decatur Blvd, Ste 11","city":"Las Vegas","state":"NV","postal_code":"89102","latitude":36.1486584,"longitude":-115.2098129,"stars":4.5,"review_count":16,"is_open":1,"attributes":{"BikeParking":"True","BusinessAcceptsCreditCards":"True","BusinessParking":"{'garage': False, 'street': False, 'validated': False, 'lot': True, 'valet': False}","ByAppointmentOnly":"False","GoodForKids":"True","RestaurantsPriceRange2":"1","WheelchairAccessible":"True"},"categories":"Hair Salons, Beauty & Spas","hours":{"Monday":"10:0-19:0","Tuesday":"10:0-19:0","Wednesday":"10:0-19:0","Thursday":"10:0-19:0","Friday":"10:0-19:0","Saturday":"10:0-19:0","Sunday":"10:0-14:0"}}
{"business_id":"oSS0p8TeF9BTTD7QWtO6gg","name":"Aria Remodeling","neighborhood":"Westside","address":"3111 S Valley View Blvd, Unit B120","city":"Las Vegas","state":"NV","postal_code":"89102","latitude":36.1316401,"longitude":-115.1908263,"stars":5.0,"review_count":3,"is_open":1,"attributes":{"BusinessAcceptsCreditCards":"True","ByAppointmentOnly":"True"},"categories":"Flooring, Cabinetry, Refinishing Services, Home Services, Masonry\/Concrete, Tiling, Plumbing, Contractors","hours":{"Monday":"7:0-17:0","Tuesday":"7:0-17:0","Wednesday":"7:0-17:0","Thursday":"7:0-17:0","Friday":"7:0-17:0","Saturday":"7:0-17:0"}}
{"business_id":"2C8x0RxmqvCOmhvXce4-HA","name":"Kim Phat Inc","neighborhood":"Villeray-Saint-Michel-Parc-Extension","address":"3733 Jarry Rue E","city":"Montréal","state":"QC","postal_code":"H1Z 2G1","latitude":45.5687842,"longitude":-73.6054883,"stars":4.0,"review_count":5,"is_open":1,"attributes":{"BusinessAcceptsCreditCards":"True","BusinessParking":"{'garage': False, 'street': False, 'validated': False, 'lot': False, 'valet': False}","RestaurantsPriceRange2":"2"},"categories":"Grocery, Food","hours":null}
{"business_id":"cKRMmytHxaSt8F0SMEzKqg","name":"Manuel's Mexican Restaurant & Cantina - Bell Rd","neighborhood":"","address":"1111 W Bell Rd","city":"Phoenix","state":"AZ","postal_code":"85023","latitude":33.6397742,"longitude":-112.0877381,"stars":3.5,"review_count":230,"is_open":1,"attributes":{"Alcohol":"full_bar","Ambience":"{'romantic': False, 'intimate': False, 'classy': False, 'hipster': False, 'divey': False, 'touristy': False, 'trendy': False, 'upscale': False, 'casual': True}","BikeParking":"True","BusinessAcceptsCreditCards":"True","BusinessParking":"{'garage': False, 'street': False, 'validated': False, 'lot': True, 'valet': False}","Caters":"True","GoodForKids":"True","GoodForMeal":"{'dessert': False, 'latenight': False, 'lunch': True, 'dinner': True, 'breakfast': False, 'brunch': False}","HasTV":"True","NoiseLevel":"average","OutdoorSeating":"False","RestaurantsAttire":"casual","RestaurantsDelivery":"False","RestaurantsGoodForGroups":"True","RestaurantsPriceRange2":"2","RestaurantsReservations":"True","RestaurantsTableService":"True","RestaurantsTakeOut":"True","WheelchairAccessible":"True","WiFi":"free"},"categories":"Event Planning & Services, Soup, Salad, Mexican, Caterers, Restaurants","hours":{"Monday":"11:0-22:0","Tuesday":"11:0-22:0","Wednesday":"11:0-22:0","Thursday":"11:0-22:0","Friday":"11:0-23:0","Saturday":"8:0-23:0","Sunday":"8:0-23:0"}}
{"business_id":"uwF2y-QHF9LgSagxxluWaw","name":"GoodLife Fitness","neighborhood":"","address":"880 16 Avenue SW, Unit 200","city":"Calgary","state":"AB","postal_code":"T2R 0S9","latitude":51.038371,"longitude":-114.081121,"stars":2.5,"review_count":6,"is_open":1,"attributes":{"BikeParking":"True","ByAppointmentOnly":"False","GoodForKids":"False"},"categories":"Active Life, Trainers, Gyms, Sports Clubs, Fitness & Instruction","hours":{"Monday":"0:0-0:0","Tuesday":"0:0-0:0","Wednesday":"0:0-0:0","Thursday":"0:0-0:0","Friday":"0:0-0:0","Saturday":"0:0-0:0","Sunday":"0:0-0:0"}}
{"business_id":"5vpMTDaAkpu9PBW1psG_RA","name":"E R Automotive","neighborhood":"Avalon","address":"547 California Ave","city":"Avalon","state":"PA","postal_code":"15202","latitude":40.502098,"longitude":-80.0692605,"stars":5.0,"review_count":4,"is_open":1,"attributes":{"BusinessAcceptsCreditCards":"True"},"categories":"Auto Repair, Automotive","hours":null}
{"business_id":"DR30lzIHVTF6xhyMI-3IlQ","name":"Not Just Antiques Mart","neighborhood":"","address":"1422 Western Ave","city":"Las Vegas","state":"NV","postal_code":"89102","latitude":36.154233,"longitude":-115.160753,"stars":3.5,"review_count":17,"is_open":1,"attributes":{"BikeParking":"True","BusinessAcceptsCreditCards":"True","BusinessParking":"{'garage': False, 'street': False, 'validated': False, 'lot': True, 'valet': False}","ByAppointmentOnly":"False","DogsAllowed":"True","RestaurantsPriceRange2":"2"},"categories":"Thrift Stores, Shopping, Used, Vintage & Consignment, Antiques, Fashion, Auction Houses","hours":{"Monday":"10:0-17:0","Tuesday":"10:30-17:30","Wednesday":"10:30-17:30","Thursday":"10:30-17:30","Friday":"10:0-17:0","Saturday":"10:0-17:0"}}
{"business_id":"wv9KN5x8L2qzKFq_6Hzf9g","name":"Legislative Assembly of Ontario","neighborhood":"Discovery District","address":"1 Queens Park Crescent E","city":"Toronto","state":"ON","postal_code":"M5S","latitude":43.6619640179,"longitude":-79.3912587147,"stars":4.5,"review_count":3,"is_open":1,"attributes":null,"categories":"Public Services & Government, Landmarks & Historical Buildings","hours":null}
{"business_id":"VVtPNiqwtR_Os7J51mANGQ","name":"JAM Scooter Rental Of Las Vegas","neighborhood":"","address":"3105 Westwood Dr","city":"Las Vegas","state":"NV","postal_code":"89109","latitude":36.1333689916,"longitude":-115.178365074,"stars":5.0,"review_count":28,"is_open":1,"attributes":{"BikeParking":"True","BusinessAcceptsCreditCards":"True","BusinessParking":"{'garage': False, 'street': True, 'validated': False, 'lot': False, 'valet': False}","DogsAllowed":"True","GoodForKids":"True","WheelchairAccessible":"True"},"categories":"Motorcycle Rental, Active Life, Motorcycle Dealers, Scooter Rentals, Automotive, Scooter Tours, Bike Rentals, Car Rental, Tours, Hotels & Travel, Truck Rental, ATV Rentals\/Tours","hours":{"Monday":"0:0-0:0","Tuesday":"0:0-0:0","Wednesday":"0:0-0:0","Thursday":"0:0-0:0","Friday":"0:0-0:0","Saturday":"0:0-0:0","Sunday":"0:0-0:0"}}
{"business_id":"Be7Mwq06nf1eNLblo1ekow","name":"La Rosa Chilena","neighborhood":"Downsview","address":"788 Wilson Avenue","city":"North York","state":"ON","postal_code":"M3K 1E2","latitude":43.731316,"longitude":-79.4651329,"stars":2.5,"review_count":5,"is_open":1,"attributes":{"BusinessAcceptsCreditCards":"False","GoodForMeal":"{'dessert': False, 'latenight': False, 'lunch': False, 'dinner': False, 'breakfast': False, 'brunch': False}","RestaurantsDelivery":"False","RestaurantsPriceRange2":"1","RestaurantsTakeOut":"True"},"categories":"Bakeries, Food, Latin American, Restaurants, Sandwiches","hours":null}
{"business_id":"yDN-NuZXVSQxV4LXgL2AlQ","name":"Jia Jia International Moving","neighborhood":"","address":"150 Telson Road, Unit B","city":"Markham","state":"ON","postal_code":"L3R 1E5","latitude":43.820729,"longitude":-79.338647,"stars":4.0,"review_count":10,"is_open":1,"attributes":{"BusinessAcceptsCreditCards":"True"},"categories":"Movers, Home Services","hours":{"Monday":"9:0-19:0","Tuesday":"9:0-19:0","Wednesday":"9:0-19:0","Thursday":"9:0-19:0","Friday":"9:0-19:0","Saturday":"9:0-19:0","Sunday":"9:0-19:0"}}
{"business_id":"FIxb1ehBrjCxp6PWB45dEA","name":"Brett's Plumbing","neighborhood":"","address":"215 E Patty Ln","city":"Monroeville","state":"PA","postal_code":"15146","latitude":40.4257272,"longitude":-79.7341381,"stars":5.0,"review_count":3,"is_open":1,"attributes":null,"categories":"Plumbing, Home Services","hours":null}
{"business_id":"Uqf2TRU3mSTKDq5jg5R8Iw","name":"Crossfit Revitalize","neighborhood":"","address":"1750 Steeles Avenue W, Unit 8B","city":"Concord","state":"ON","postal_code":"L4K 2L7","latitude":43.785955,"longitude":-79.4780042,"stars":5.0,"review_count":4,"is_open":1,"attributes":{"GoodForKids":"False"},"categories":"Fitness & Instruction, Gyms, Trainers, Active Life","hours":{"Monday":"18:0-20:30","Tuesday":"18:30-20:30","Wednesday":"18:0-20:30","Thursday":"18:30-20:30","Friday":"18:0-20:30","Saturday":"11:0-15:0"}}
{"business_id":"AYL_y8ahquUW0o-cvIyLbg","name":"Junior's Pizzeria","neighborhood":"","address":"2908 Oak Lake Blvd","city":"Charlotte","state":"NC","postal_code":"28208","latitude":35.190366,"longitude":-80.922471,"stars":3.5,"review_count":85,"is_open":1,"attributes":{"Alcohol":"none","Ambience":"{'romantic': False, 'intimate': False, 'classy': False, 'hipster': False, 'divey': False, 'touristy': False, 'trendy': False, 'upscale': False, 'casual': True}","BikeParking":"True","BusinessAcceptsCreditCards":"True","BusinessParking":"{'garage': False, 'street': False, 'validated': False, 'lot': True, 'valet': False}","Caters":"True","GoodForKids":"True","GoodForMeal":"{'dessert': False, 'latenight': False, 'lunch': True, 'dinner': True, 'breakfast': False, 'brunch': False}","HasTV":"True","NoiseLevel":"average","OutdoorSeating":"True","RestaurantsAttire":"casual","RestaurantsDelivery":"True","RestaurantsGoodForGroups":"True","RestaurantsPriceRange2":"1","RestaurantsReservations":"False","RestaurantsTableService":"False","RestaurantsTakeOut":"True","WiFi":"no"},"categories":"Restaurants, Pizza","hours":null}
{"business_id":"syCI-5YJ8VJhFzHlzfpP0g","name":"Shower Solutions","neighborhood":"","address":"","city":"Las Vegas","state":"NV","postal_code":"89131","latitude":36.3656399,"longitude":-115.2244853,"stars":2.0,"review_count":3,"is_open":1,"attributes":null,"categories":"Home Services, Contractors","hours":null}
{"business_id":"Aws6VX-PDsZoCw9oHpBMCg","name":"Subway","neighborhood":"Derita","address":"2812 W Sugar Creek Rd","city":"Charlotte","state":"NC","postal_code":"28262","latitude":35.301882,"longitude":-80.801484,"stars":2.0,"review_count":3,"is_open":1,"attributes":{"BusinessParking":"{'garage': False, 'street': False, 'validated': False, 'lot': False, 'valet': False}","GoodForKids":"True","GoodForMeal":"{'dessert': False, 'latenight': False, 'lunch': False, 'dinner': False, 'breakfast': False, 'brunch': False}"},"categories":"Fast Food, Restaurants, Sandwiches, Food","hours":{"Monday":"7:0-21:30","Tuesday":"7:0-21:30","Wednesday":"7:0-21:30","Thursday":"7:0-21:30","Friday":"7:0-21:30","Saturday":"7:0-21:30","Sunday":"9:0-21:0"}}
{"business_id":"rmGQGPpk1XZFTkz-4IGHCw","name":"Baby Bundle 3d\/4d Ultrasound","neighborhood":"Derita","address":"1913 J N Pease Pl, Ste 104","city":"Charlotte","state":"NC","postal_code":"28262","latitude":35.3209173024,"longitude":-80.7734003228,"stars":4.0,"review_count":3,"is_open":1,"attributes":{"AcceptsInsurance":"False","BusinessAcceptsCreditCards":"True","ByAppointmentOnly":"True"},"categories":"Health & Medical, Diagnostic Imaging, Diagnostic Services, Arts & Entertainment","hours":{"Monday":"10:0-20:0","Tuesday":"10:0-20:0","Wednesday":"10:0-20:0","Thursday":"10:0-17:0","Friday":"10:0-17:0","Saturday":"10:0-17:0","Sunday":"10:0-13:0"}}
{"business_id":"JJEx5wIqs9iGGATOagE8Sg","name":"Baja Fresh Mexican Grill","neighborhood":"Centennial","address":"7930 W Tropical Pkwy","city":"Las Vegas","state":"NV","postal_code":"89149","latitude":36.271169,"longitude":-115.2677588,"stars":2.0,"review_count":4,"is_open":0,"attributes":{"HasTV":"False","RestaurantsReservations":"False"},"categories":"Mexican, Restaurants","hours":null}
{"business_id":"Go1avDDg--JjbdI2aRJQog","name":"Red Crowns Pub","neighborhood":"","address":"20-523 Woodpark Boulevard SW","city":"Calgary","state":"AB","postal_code":"T2W 4J3","latitude":50.940876,"longitude":-114.1098157,"stars":3.0,"review_count":9,"is_open":1,"attributes":{"Alcohol":"full_bar","Ambience":"{'romantic': False, 'intimate': False, 'classy': False, 'hipster': False, 'touristy': False, 'trendy': False, 'upscale': False, 'casual': False}","BestNights":"{'monday': False, 'tuesday': False, 'friday': False, 'wednesday': True, 'thursday': False, 'sunday': False, 'saturday': False}","BikeParking":"True","BusinessParking":"{'garage': False, 'street': False, 'validated': False, 'lot': False, 'valet': False}","CoatCheck":"False","GoodForDancing":"False","HappyHour":"True","HasTV":"True","Music":"{'dj': False, 'background_music': True, 'no_music': False, 'karaoke': False, 'live': False, 'video': False, 'jukebox': False}","NoiseLevel":"very_loud","OutdoorSeating":"False","RestaurantsGoodForGroups":"True","RestaurantsPriceRange2":"2","RestaurantsReservations":"False","Smoking":"no"},"categories":"Pubs, Nightlife, Bars","hours":null}
{"business_id":"tKjW_YEP-vcuEwJ5di2HBA","name":"KD Nails","neighborhood":"","address":"9550 W Van Buren, Ste 19","city":"Tolleson","state":"AZ","postal_code":"85353","latitude":33.4509416724,"longitude":-112.265444762,"stars":4.5,"review_count":22,"is_open":1,"attributes":{"BikeParking":"True","BusinessAcceptsCreditCards":"True","BusinessParking":"{'garage': False, 'street': False, 'validated': False, 'lot': False, 'valet': False}","ByAppointmentOnly":"False","RestaurantsPriceRange2":"2","WheelchairAccessible":"True"},"categories":"Waxing, Nail Salons, Eyelash Service, Beauty & Spas, Hair Removal","hours":{"Monday":"9:30-19:0","Tuesday":"9:30-19:0","Wednesday":"9:30-19:0","Thursday":"9:30-19:0","Friday":"9:30-19:0","Saturday":"9:30-19:0","Sunday":"11:0-17:0"}}
{"business_id":"NzhRebtw2AIxXkVO_BrOOQ","name":"Family Dentistry at CIC","neighborhood":"Derita","address":"1525 W Wt Harris Blvd","city":"Charlotte","state":"NC","postal_code":"28262","latitude":35.3121591,"longitude":-80.7728367,"stars":2.0,"review_count":4,"is_open":1,"attributes":{"AcceptsInsurance":"True","ByAppointmentOnly":"True"},"categories":"Health & Medical, Dentists, Cosmetic Dentists, General Dentistry","hours":null}
{"business_id":"JbIi9WCtidvqdTt8l2KMQg","name":"Chevron Pitstop","neighborhood":"Southwest","address":"10473 Dean Martin Dr","city":"Las Vegas","state":"NV","postal_code":"89141","latitude":35.9995945787,"longitude":-115.183851533,"stars":4.0,"review_count":17,"is_open":1,"attributes":{"BusinessAcceptsCreditCards":"True"},"categories":"Gas Stations, Car Wash, Automotive","hours":null}
{"business_id":"V2OhrW7RDCQwSdDeILOTgA","name":"Gold Pawn Brokers","neighborhood":"","address":"1444 E Main St","city":"Mesa","state":"AZ","postal_code":"85203","latitude":33.4156429,"longitude":-111.7997071,"stars":5.0,"review_count":3,"is_open":1,"attributes":{"BusinessAcceptsCreditCards":"True","BusinessParking":"{'garage': False, 'street': False, 'validated': False, 'lot': False, 'valet': False}"},"categories":"Shopping, Pawn Shops, Jewelry","hours":{"Monday":"10:0-18:0","Tuesday":"10:0-18:0","Wednesday":"10:0-18:0","Thursday":"10:0-18:0","Friday":"10:0-18:0","Saturday":"10:0-16:0","Sunday":"0:0-4:0"}}
{"business_id":"UmZnFzo-NK2daxkl3_Rieg","name":"Philip Pelusi","neighborhood":"","address":"531 Clairton Blvd, Unit 7","city":"Pittsburgh","state":"PA","postal_code":"15236","latitude":40.326984,"longitude":-79.9573294,"stars":4.5,"review_count":5,"is_open":1,"attributes":{"BikeParking":"False","BusinessAcceptsBitcoin":"False","BusinessAcceptsCreditCards":"True","BusinessParking":"{'garage': False, 'street': False, 'validated': False, 'lot': False, 'valet': False}","ByAppointmentOnly":"False","GoodForKids":"True","HairSpecializesIn":"{'coloring': True, 'africanamerican': True, 'curly': True, 'perms': True, 'kids': True, 'extensions': True, 'asian': True, 'straightperms': True}","RestaurantsPriceRange2":"2"},"categories":"Hair Salons, Beauty & Spas","hours":{"Monday":"10:0-21:0","Tuesday":"10:0-21:0","Wednesday":"10:0-21:0","Thursday":"10:0-21:0","Friday":"10:0-21:0","Saturday":"8:0-20:0","Sunday":"10:0-18:0"}}
{"business_id":"3JhKtHSmvwzGBysraUVMDg","name":"FedEx Office Print & Ship Center","neighborhood":"","address":"1720 Washington Rd","city":"Pittsburgh","state":"PA","postal_code":"15241","latitude":40.3481862077,"longitude":-80.0533735153,"stars":3.5,"review_count":5,"is_open":1,"attributes":{"BusinessAcceptsCreditCards":"True"},"categories":"Professional Services, Local Services, Shipping Centers, Printing Services, Signmaking","hours":{"Monday":"7:0-22:0","Tuesday":"7:0-21:0","Wednesday":"7:0-22:0","Thursday":"7:0-22:0","Friday":"7:0-22:0","Saturday":"8:0-20:0","Sunday":"10:0-20:0"}}
{"business_id":"RJEtBRLJmmji_QoqS6ysjg","name":"Royal Conservatory of Music","neighborhood":"University of Toronto","address":"273 Bloor Street W","city":"Toronto","state":"ON","postal_code":"M5S 1W2","latitude":43.6677486,"longitude":-79.3961666,"stars":4.5,"review_count":3,"is_open":1,"attributes":{"Ambience":"{'romantic': False, 'intimate': False, 'classy': False, 'hipster': False, 'touristy': False, 'trendy': False, 'upscale': False, 'casual': False}","BikeParking":"True","GoodForDancing":"False","GoodForKids":"True","HappyHour":"False","HasTV":"False","OutdoorSeating":"True","RestaurantsGoodForGroups":"True","RestaurantsPriceRange2":"2"},"categories":"Music Venues, Arts & Entertainment, Nightlife","hours":null}
{"business_id":"Kx_ID8LImPOZaQ-75Fj8NQ","name":"On The Path Yard Care","neighborhood":"","address":"256 17 Avenue NE","city":"Calgary","state":"AB","postal_code":"T2E 1L8","latitude":51.067897,"longitude":-114.056783,"stars":5.0,"review_count":3,"is_open":1,"attributes":{"BusinessAcceptsCreditCards":"True","ByAppointmentOnly":"False"},"categories":"Landscaping, Home Services, Home & Garden, Snow Removal, Shopping, Local Services, Gutter Services","hours":{"Monday":"9:0-16:0","Tuesday":"9:0-16:0","Wednesday":"9:0-16:0","Thursday":"9:0-16:0","Friday":"9:0-16:0"}}
{"business_id":"v33d7h_Zw_I9ZSxvPdqtkw","name":"Central Church - Henderson","neighborhood":"","address":"1001 New Beginnings Dr","city":"Henderson","state":"NV","postal_code":"89011","latitude":36.0804531,"longitude":-115.0381656,"stars":4.0,"review_count":113,"is_open":1,"attributes":null,"categories":"Churches, Religious Organizations","hours":{"Monday":"9:0-17:0","Tuesday":"9:0-17:0","Wednesday":"9:0-17:0","Thursday":"9:0-17:0","Friday":"18:0-21:0","Saturday":"16:0-19:30","Sunday":"9:0-15:0"}}
{"business_id":"Vk-mhesVc-Lp_1eOcggSMg","name":"Sunset Castle","neighborhood":"","address":"650 W Sunset Rd","city":"Henderson","state":"NV","postal_code":"89011","latitude":36.0641464,"longitude":-115.0199541,"stars":5.0,"review_count":5,"is_open":1,"attributes":null,"categories":"Venues & Event Spaces, Wedding Chapels, Photographers, Event Planning & Services","hours":{"Tuesday":"11:0-17:0","Wednesday":"11:0-17:0","Thursday":"11:0-17:0","Friday":"11:0-17:0","Saturday":"11:0-17:0"}}
{"business_id":"f2FfutZhb4F-m1Ob0EdYaw","name":"China Palace","neighborhood":"Shadyside","address":"5440 Walnut St","city":"Pittsburgh","state":"PA","postal_code":"15232","latitude":40.450866,"longitude":-79.933919,"stars":3.0,"review_count":110,"is_open":1,"attributes":{"Alcohol":"full_bar","Ambience":"{'romantic': False, 'intimate': False, 'classy': False, 'hipster': False, 'divey': False, 'touristy': False, 'trendy': False, 'upscale': False, 'casual': True}","BikeParking":"True","BusinessAcceptsCreditCards":"True","BusinessParking":"{'garage': False, 'street': True, 'validated': False, 'lot': False, 'valet': False}","Caters":"True","DriveThru":"False","GoodForKids":"True","GoodForMeal":"{'dessert': False, 'latenight': False, 'lunch': False, 'dinner': True, 'breakfast': False, 'brunch': False}","HasTV":"True","NoiseLevel":"average","OutdoorSeating":"False","RestaurantsAttire":"casual","RestaurantsDelivery":"True","RestaurantsGoodForGroups":"True","RestaurantsPriceRange2":"2","RestaurantsReservations":"False","RestaurantsTableService":"True","RestaurantsTakeOut":"True","WheelchairAccessible":"True","WiFi":"no"},"categories":"Asian Fusion, Caterers, Fast Food, Chinese, Restaurants, Vegetarian, Food Delivery Services, Event Planning & Services, Food","hours":{"Monday":"11:0-22:0","Tuesday":"11:0-22:0","Wednesday":"11:0-22:0","Thursday":"11:0-22:0","Friday":"11:0-22:0","Saturday":"12:0-22:0","Sunday":"12:0-21:0"}}
{"business_id":"c0XiOTAsYAcsKAqxSVfDOw","name":"Blondie & Co Salon","neighborhood":"","address":"3975 Cascades Blvd, Ste 3","city":"Kent","state":"OH","postal_code":"44240","latitude":41.097423,"longitude":-81.3882792,"stars":5.0,"review_count":3,"is_open":1,"attributes":{"AcceptsInsurance":"False","BikeParking":"False","BusinessAcceptsBitcoin":"False","BusinessAcceptsCreditCards":"True","BusinessParking":"{'garage': False, 'street': False, 'validated': False, 'lot': False, 'valet': False}","ByAppointmentOnly":"True","HairSpecializesIn":"{'coloring': True, 'africanamerican': False, 'curly': False, 'perms': False, 'kids': False, 'extensions': True, 'asian': False, 'straightperms': False}","RestaurantsPriceRange2":"2"},"categories":"Waxing, Blow Dry\/Out Services, Hair Salons, Hair Stylists, Day Spas, Massage, Hair Removal, Beauty & Spas","hours":{"Tuesday":"10:0-17:0","Wednesday":"12:0-20:0","Thursday":"12:0-20:0","Friday":"10:0-17:0","Saturday":"9:0-16:0"}}
{"business_id":"wAoCkTlBPr0wDGByS3gDfQ","name":"Mattress Firm South Euclid","neighborhood":"","address":"13991 Cedar Rd","city":"South Euclid","state":"OH","postal_code":"44118","latitude":41.5015857,"longitude":-81.5367757,"stars":4.5,"review_count":13,"is_open":1,"attributes":{"BusinessAcceptsCreditCards":"True","BusinessParking":"{'garage': False, 'street': False, 'validated': False, 'lot': False, 'valet': False}","RestaurantsPriceRange2":"2"},"categories":"Home & Garden, Shopping, Mattresses, Furniture Stores","hours":{"Monday":"10:0-20:0","Tuesday":"10:0-20:0","Wednesday":"10:0-17:0","Thursday":"10:0-20:0","Friday":"10:0-20:0","Saturday":"10:0-21:0","Sunday":"12:0-18:0"}}
{"business_id":"IuUgEL8Nu_Vbif057-659Q","name":"Marshalls","neighborhood":"","address":"3975 Cascades Blvd","city":"Kent","state":"OH","postal_code":"44240","latitude":41.097310809,"longitude":-81.387898922,"stars":2.5,"review_count":5,"is_open":1,"attributes":{"BikeParking":"True","BusinessAcceptsCreditCards":"True","BusinessParking":"{'garage': False, 'street': False, 'validated': False, 'lot': False, 'valet': False}","RestaurantsPriceRange2":"2"},"categories":"Department Stores, Shopping, Fashion","hours":{"Monday":"9:30-21:30","Tuesday":"9:30-21:30","Wednesday":"9:30-21:30","Thursday":"9:30-21:30","Friday":"9:30-21:30","Saturday":"9:30-21:30","Sunday":"10:0-20:0"}}
{"business_id":"tXMYTZc0lxLNpnU1lI5j0Q","name":"Walgreens","neighborhood":"","address":"13723 N Litchfield Rd","city":"Surprise","state":"AZ","postal_code":"85379","latitude":33.6090600169,"longitude":-112.359004654,"stars":4.0,"review_count":5,"is_open":1,"attributes":{"BikeParking":"True","BusinessAcceptsCreditCards":"True","BusinessParking":"{'garage': False, 'street': False, 'validated': False, 'lot': False, 'valet': False}","RestaurantsPriceRange2":"2"},"categories":"Shopping, Drugstores, Medical Supplies","hours":null}
{"business_id":"y-4xTZNKVm8mAZpiXMS5ZA","name":"Lauren Byrne, MD","neighborhood":"","address":"690 E Warner Rd, Bldg 5, Ironwood Urology","city":"Gilbert","state":"AZ","postal_code":"85296","latitude":33.3365234,"longitude":-111.7755995,"stars":2.5,"review_count":9,"is_open":1,"attributes":{"AcceptsInsurance":"True","BusinessAcceptsCreditCards":"True","ByAppointmentOnly":"True"},"categories":"Urologists, Doctors, Health & Medical","hours":{"Monday":"8:0-17:0","Tuesday":"8:0-17:0","Wednesday":"8:0-17:0","Thursday":"8:0-17:0","Friday":"8:0-17:0"}}
{"business_id":"fwp7nkCnn5jhHuIwJWfl5A","name":"Fit Life 120","neighborhood":"","address":"1495 S Higley Rd","city":"Gilbert","state":"AZ","postal_code":"85296","latitude":33.323027,"longitude":-111.719632,"stars":3.0,"review_count":4,"is_open":1,"attributes":{"BusinessAcceptsCreditCards":"True","ByAppointmentOnly":"False","GoodForKids":"False"},"categories":"Fitness & Instruction, Gyms, Health & Medical, Active Life, Weight Loss Centers, Trainers","hours":{"Monday":"5:15-20:0","Tuesday":"5:15-20:0","Wednesday":"5:15-20:0","Thursday":"5:15-20:0","Friday":"5:15-19:0","Saturday":"7:0-14:0"}}
{"business_id":"YIez_A3WOt9J2SXN7OMa2Q","name":"Allwyn's Bakery","neighborhood":"","address":"81 Underhill Drive","city":"Toronto","state":"ON","postal_code":"M3A 1K8","latitude":43.7459284,"longitude":-79.3246225,"stars":4.0,"review_count":105,"is_open":1,"attributes":{"Alcohol":"none","Ambience":"{'romantic': False, 'intimate': False, 'classy': False, 'hipster': False, 'touristy': False, 'trendy': False, 'upscale': False, 'casual': True}","BikeParking":"True","BusinessAcceptsCreditCards":"False","BusinessParking":"{'garage': False, 'street': False, 'validated': False, 'lot': True, 'valet': False}","Caters":"True","GoodForKids":"True","GoodForMeal":"{'dessert': False, 'latenight': False, 'lunch': True, 'dinner': False, 'breakfast': False, 'brunch': False}","HasTV":"False","NoiseLevel":"average","OutdoorSeating":"False","RestaurantsAttire":"casual","RestaurantsDelivery":"False","RestaurantsGoodForGroups":"False","RestaurantsPriceRange2":"1","RestaurantsReservations":"False","RestaurantsTableService":"False","RestaurantsTakeOut":"True","WiFi":"no"},"categories":"Caribbean, Food, Bakeries, Restaurants","hours":{"Monday":"11:30-22:0","Tuesday":"11:30-22:0","Wednesday":"11:30-22:0","Thursday":"11:30-22:0","Friday":"11:30-22:0","Saturday":"11:30-22:0","Sunday":"12:0-21:30"}}
{"business_id":"y0f3gSQGDMNJiCfTH4CsXA","name":"Mattress Firm Carefree","neighborhood":"","address":"34522 N Scottsdale Rd","city":"Scottsdale","state":"AZ","postal_code":"85266","latitude":33.7988261379,"longitude":-111.9304195,"stars":5.0,"review_count":11,"is_open":1,"attributes":{"BikeParking":"True","BusinessAcceptsCreditCards":"True","BusinessParking":"{'garage': False, 'street': False, 'validated': False, 'lot': True, 'valet': False}","RestaurantsPriceRange2":"2"},"categories":"Shopping, Mattresses, Home & Garden, Furniture Stores","hours":{"Monday":"10:0-20:0","Tuesday":"10:0-20:0","Wednesday":"10:0-19:0","Thursday":"10:0-20:0","Friday":"10:0-20:0","Saturday":"10:0-20:0","Sunday":"12:0-18:0"}}
{"business_id":"xuUzASHWjRJRFv6Ck5pO7g","name":"Fornetti","neighborhood":"Financial District","address":"Richmond Adelaide Centre, 120 Adelaide St W","city":"Toronto","state":"ON","postal_code":"M5H 3V1","latitude":43.6499721,"longitude":-79.3832232,"stars":3.5,"review_count":3,"is_open":0,"attributes":{"BusinessAcceptsCreditCards":"True","BusinessParking":"{'garage': False, 'street': False, 'validated': False, 'lot': False, 'valet': False}","RestaurantsPriceRange2":"1"},"categories":"Food, Bakeries","hours":{"Monday":"7:30-18:0","Tuesday":"7:30-18:0","Wednesday":"7:30-18:0","Thursday":"7:30-18:0","Friday":"7:30-18:0"}}
{"business_id":"coVhQD_EAnCof_a8sGM03g","name":"Provence Bakery","neighborhood":"Chinatown","address":"5115 Spring Mountain Rd","city":"Las Vegas","state":"NV","postal_code":"89146","latitude":36.125587,"longitude":-115.211199,"stars":2.0,"review_count":8,"is_open":0,"attributes":{"BusinessAcceptsCreditCards":"True","BusinessParking":"{'garage': False, 'street': False, 'validated': False, 'lot': True, 'valet': False}","RestaurantsPriceRange2":"1"},"categories":"Bakeries, Food","hours":null}
{"business_id":"dYBF1MFzxo6DehQVYsjxXA","name":"Makeupbygaby1974","neighborhood":"","address":"103 Ave And Broadway","city":"Phoenix","state":"AZ","postal_code":"85353","latitude":33.406453,"longitude":-112.2807774,"stars":5.0,"review_count":3,"is_open":1,"attributes":{"BikeParking":"False","BusinessAcceptsCreditCards":"True","BusinessParking":"{'garage': False, 'street': True, 'validated': False, 'lot': False, 'valet': False}","ByAppointmentOnly":"True","RestaurantsPriceRange2":"2","WheelchairAccessible":"True"},"categories":"Beauty & Spas, Makeup Artists, Hair Salons, Eyelash Service, Hair Stylists","hours":{"Monday":"9:0-18:0","Tuesday":"9:0-18:0","Wednesday":"9:0-18:0","Thursday":"9:0-18:0","Friday":"9:0-18:0","Saturday":"10:0-17:0","Sunday":"7:0-13:0"}}
{"business_id":"Ju2tEB-zllh9FoCmaQhPOw","name":"Above and Beyond Dog Grooming","neighborhood":"","address":"42407 N Vison Way, Ste 108","city":"Phoenix","state":"AZ","postal_code":"85086","latitude":33.8696679,"longitude":-112.1508924,"stars":3.5,"review_count":14,"is_open":1,"attributes":null,"categories":"Pets, Pet Groomers, Pet Services","hours":null}
{"business_id":"3jh0v0Gz7OOhDmWnQ7sP5g","name":"Vegas Vapolife","neighborhood":"Centennial","address":"7220 W Azure Dr, Ste 120","city":"Las Vegas","state":"NV","postal_code":"89130","latitude":36.274166,"longitude":-115.252954,"stars":4.5,"review_count":8,"is_open":0,"attributes":{"BusinessAcceptsCreditCards":"True","RestaurantsPriceRange2":"2"},"categories":"Shopping, Tobacco Shops, Vape Shops","hours":null}
{"business_id":"j7yI3qYRsbGBUv9rShLCaQ","name":"Ice Cream Patio","neighborhood":"","address":"5451 Highway, Unit 7","city":"Woodbridge","state":"ON","postal_code":"L4L 0B2","latitude":43.7767190083,"longitude":-79.6036142656,"stars":3.0,"review_count":28,"is_open":1,"attributes":{"Alcohol":"full_bar","Ambience":"{'romantic': False, 'intimate': False, 'classy': False, 'hipster': False, 'touristy': False, 'trendy': False, 'upscale': False, 'casual': True}","BikeParking":"True","BusinessAcceptsCreditCards":"True","BusinessParking":"{'garage': False, 'street': False, 'validated': False, 'lot': True, 'valet': False}","Caters":"True","DogsAllowed":"False","GoodForKids":"True","GoodForMeal":"{'dessert': False, 'latenight': False, 'lunch': False, 'dinner': False, 'breakfast': False, 'brunch': False}","HasTV":"True","NoiseLevel":"loud","OutdoorSeating":"True","RestaurantsAttire":"casual","RestaurantsDelivery":"False","RestaurantsGoodForGroups":"True","RestaurantsPriceRange2":"2","RestaurantsReservations":"True","RestaurantsTableService":"True","RestaurantsTakeOut":"True","WheelchairAccessible":"True","WiFi":"no"},"categories":"Restaurants, Food, Italian, Ice Cream & Frozen Yogurt","hours":{"Monday":"11:30-21:0","Tuesday":"11:30-21:0","Wednesday":"11:30-21:0","Thursday":"11:30-22:0","Friday":"11:30-23:0","Saturday":"11:30-23:0","Sunday":"11:30-22:0"}}
{"business_id":"mr3rQcYBKWu2L6o7qtQ9Wg","name":"Hub Coffee House & Locavorium","neighborhood":"Christie Pits","address":"1028 Shaw St","city":"Toronto","state":"ON","postal_code":"M6G 3N2","latitude":43.6691157,"longitude":-79.4260211,"stars":4.0,"review_count":31,"is_open":0,"attributes":{"Alcohol":"none","Ambience":"{'romantic': False, 'intimate': False, 'classy': False, 'hipster': False, 'touristy': False, 'trendy': False, 'upscale': False, 'casual': True}","BusinessAcceptsCreditCards":"True","BusinessParking":"{'garage': False, 'street': True, 'validated': False, 'lot': False, 'valet': False}","Caters":"False","GoodForKids":"True","GoodForMeal":"{'dessert': False, 'latenight': False, 'lunch': True, 'dinner': False, 'breakfast': True, 'brunch': False}","HasTV":"False","NoiseLevel":"average","OutdoorSeating":"True","RestaurantsAttire":"casual","RestaurantsDelivery":"False","RestaurantsGoodForGroups":"False","RestaurantsPriceRange2":"2","RestaurantsReservations":"False","RestaurantsTableService":"False","RestaurantsTakeOut":"True","WheelchairAccessible":"False","WiFi":"free"},"categories":"Restaurants, Food, Coffee & Tea, Breakfast & Brunch","hours":{"Monday":"7:0-19:0","Tuesday":"7:0-19:0","Wednesday":"7:0-19:0","Thursday":"7:0-19:0","Friday":"7:0-19:0","Saturday":"8:0-17:0","Sunday":"8:0-17:0"}}
{"business_id":"qfcdMhm1Ff28JHVpHca20g","name":"Pizza Bellagio","neighborhood":"Oakland","address":"4635 Centre Ave","city":"Pittsburgh","state":"PA","postal_code":"15213","latitude":40.4524104,"longitude":-79.9506684,"stars":1.5,"review_count":18,"is_open":1,"attributes":{"Ambience":"{'romantic': False, 'intimate': False, 'classy': False, 'hipster': False, 'divey': False, 'touristy': False, 'trendy': False, 'upscale': False, 'casual': False}","BusinessAcceptsCreditCards":"True","BusinessParking":"{'garage': False, 'street': False, 'validated': False, 'lot': False, 'valet': False}","GoodForMeal":"{'dessert': False, 'latenight': False, 'lunch': False, 'dinner': False, 'breakfast': False, 'brunch': False}","HasTV":"False","RestaurantsAttire":"casual","RestaurantsGoodForGroups":"False","RestaurantsPriceRange2":"2","RestaurantsReservations":"False","RestaurantsTakeOut":"True","WiFi":"no"},"categories":"Pizza, Restaurants","hours":{"Monday":"10:0-1:0","Tuesday":"10:0-1:0","Wednesday":"10:0-1:0","Thursday":"10:0-1:0","Friday":"10:0-2:0","Saturday":"10:0-2:0","Sunday":"10:0-1:0"}}
{"business_id":"jaKf1HVjEEsSMoFvpQdMNQ","name":"Long Animal Hospital","neighborhood":"South End","address":"2523 South Blvd","city":"Charlotte","state":"NC","postal_code":"28203","latitude":35.2023634,"longitude":-80.8646618,"stars":3.5,"review_count":103,"is_open":1,"attributes":null,"categories":"Pet Groomers, Pet Boarding, Pets, Veterinarians, Pet Stores, Pet Sitting, Pet Services","hours":{"Monday":"20:0-6:0","Tuesday":"20:0-6:0","Wednesday":"20:0-6:0","Thursday":"20:0-6:0","Friday":"20:0-6:0","Saturday":"15:0-6:0","Sunday":"7:0-6:0"}}
{"business_id":"_BTuRiKz1PlotKek4AtzzQ","name":"Apple Nail & Spa","neighborhood":"Ballantyne","address":"3429 Toringdon Way","city":"Charlotte","state":"NC","postal_code":"28277","latitude":35.0684311,"longitude":-80.8419307,"stars":4.5,"review_count":68,"is_open":1,"attributes":{"BikeParking":"True","BusinessAcceptsCreditCards":"True","BusinessParking":"{'garage': False, 'street': True, 'validated': False, 'lot': False, 'valet': False}","ByAppointmentOnly":"False","RestaurantsPriceRange2":"2"},"categories":"Nail Salons, Beauty & Spas","hours":{"Monday":"9:30-19:0","Tuesday":"9:30-19:0","Wednesday":"9:30-19:0","Thursday":"9:30-19:0","Friday":"9:30-19:0","Saturday":"9:0-19:0","Sunday":"12:0-17:0"}}
{"business_id":"DqZzBPoiGt_FCTfNwPYwzw","name":"Regino's Pizza","neighborhood":"Langstaff","address":"126 Clark Avenue E","city":"Thornhill","state":"ON","postal_code":"L3T 1S9","latitude":43.8099393086,"longitude":-79.4112146813,"stars":4.5,"review_count":23,"is_open":1,"attributes":{"Ambience":"{'romantic': False, 'intimate': False, 'classy': False, 'hipster': False, 'touristy': False, 'trendy': False, 'upscale': False, 'casual': False}","BikeParking":"True","BusinessAcceptsCreditCards":"True","BusinessParking":"{'garage': False, 'street': False, 'validated': False, 'lot': False, 'valet': False}","GoodForKids":"True","GoodForMeal":"{'dessert': False, 'latenight': False, 'lunch': False, 'dinner': False, 'breakfast': False, 'brunch': False}","HasTV":"False","NoiseLevel":"quiet","OutdoorSeating":"False","RestaurantsAttire":"casual","RestaurantsDelivery":"True","RestaurantsGoodForGroups":"False","RestaurantsPriceRange2":"1","RestaurantsReservations":"False","RestaurantsTableService":"False","RestaurantsTakeOut":"True"},"categories":"Restaurants, Pizza","hours":{"Monday":"11:0-23:0","Tuesday":"11:0-23:0","Wednesday":"11:0-23:0","Thursday":"11:0-23:0","Friday":"11:0-0:0","Saturday":"11:0-0:0","Sunday":"11:0-23:0"}}
{"business_id":"rahEQ5YzoOu7uoWFMca3xw","name":"Walmart","neighborhood":"","address":"100 City Centre Drive","city":"Mississauga","state":"ON","postal_code":"L5B 2G6","latitude":43.5943962837,"longitude":-79.6411609325,"stars":3.0,"review_count":12,"is_open":1,"attributes":{"BikeParking":"True","BusinessAcceptsCreditCards":"True","BusinessParking":"{'garage': True, 'street': False, 'validated': False, 'lot': True, 'valet': False}","RestaurantsPriceRange2":"2"},"categories":"Fashion, Shopping, Department Stores","hours":{"Monday":"7:0-23:0","Tuesday":"7:0-23:0","Wednesday":"7:0-23:0","Thursday":"7:0-23:0","Friday":"7:0-23:0","Saturday":"7:0-23:0","Sunday":"7:0-23:0"}}
{"business_id":"U1xFNmJl4SVmKS1YYkneuA","name":"Avenue Deli","neighborhood":"","address":"2008 33 Ave SW","city":"Calgary","state":"AB","postal_code":"T2T 1Z4","latitude":51.0241624,"longitude":-114.1076364,"stars":3.5,"review_count":17,"is_open":1,"attributes":{"Alcohol":"none","Ambience":"{'romantic': False, 'intimate': False, 'classy': False, 'hipster': False, 'touristy': False, 'trendy': False, 'upscale': False, 'casual': False}","BikeParking":"True","BusinessAcceptsCreditCards":"True","BusinessParking":"{'garage': False, 'street': False, 'validated': False, 'lot': True, 'valet': False}","Caters":"True","GoodForKids":"True","GoodForMeal":"{'dessert': False, 'latenight': False, 'lunch': False, 'dinner': False, 'breakfast': False, 'brunch': False}","HasTV":"False","NoiseLevel":"average","OutdoorSeating":"True","RestaurantsAttire":"casual","RestaurantsDelivery":"False","RestaurantsGoodForGroups":"False","RestaurantsPriceRange2":"2","RestaurantsReservations":"False","RestaurantsTableService":"False","RestaurantsTakeOut":"True","WiFi":"no"},"categories":"Delis, Restaurants, Food, Coffee & Tea","hours":{"Monday":"10:0-19:0","Tuesday":"10:0-19:0","Wednesday":"10:0-19:0","Thursday":"10:0-19:0","Friday":"10:0-19:0","Saturday":"10:0-19:0","Sunday":"10:0-18:0"}}
{"business_id":"Q_cfbLdAxkLiEZW5TO5T6A","name":"More Than Pies Baking","neighborhood":"Etobicoke","address":"3469 Lake Shore Boulevard W","city":"Toronto","state":"ON","postal_code":"M8W 1N2","latitude":43.5951494,"longitude":-79.5299771,"stars":4.0,"review_count":9,"is_open":1,"attributes":{"BikeParking":"True","BusinessAcceptsCreditCards":"True","BusinessParking":"{'garage': False, 'street': True, 'validated': False, 'lot': False, 'valet': False}","RestaurantsDelivery":"True","RestaurantsPriceRange2":"2","RestaurantsTakeOut":"True"},"categories":"Food, Bakeries","hours":{"Monday":"7:30-18:0","Tuesday":"7:30-18:0","Wednesday":"7:30-18:0","Thursday":"7:30-18:0","Friday":"7:30-18:0","Saturday":"9:0-16:0","Sunday":"9:0-16:0"}}
{"business_id":"Ea5a2Ov4s_D3Vx4j7jkEEg","name":"Shoppers Drug Mart","neighborhood":"","address":"550 Eglinton Avenue W","city":"Toronto","state":"ON","postal_code":"M5N 0A1","latitude":43.703344498,"longitude":-79.4154372029,"stars":1.0,"review_count":3,"is_open":1,"attributes":{"BikeParking":"True","BusinessAcceptsCreditCards":"True","RestaurantsPriceRange2":"2"},"categories":"Drugstores, Shopping","hours":{"Monday":"8:0-0:0","Tuesday":"8:0-0:0","Wednesday":"8:0-0:0","Thursday":"8:0-0:0","Friday":"8:0-0:0","Saturday":"9:0-0:0","Sunday":"10:0-0:0"}}
{"business_id":"cuXCQM-9VwpZlSneEY1b3w","name":"Indian Street Food Company","neighborhood":"Mount Pleasant and Davisville","address":"1701 Bayview Avenue","city":"Toronto","state":"ON","postal_code":"M4G 3C1","latitude":43.708002,"longitude":-79.375814,"stars":3.5,"review_count":51,"is_open":1,"attributes":{"Alcohol":"full_bar","Ambience":"{'romantic': False, 'intimate': False, 'classy': False, 'hipster': False, 'touristy': False, 'trendy': True, 'upscale': False, 'casual': False}","BikeParking":"True","BusinessParking":"{'garage': False, 'street': True, 'validated': False, 'lot': False, 'valet': False}","Caters":"True","CoatCheck":"False","GoodForDancing":"False","GoodForKids":"True","GoodForMeal":"{'dessert': False, 'latenight': False, 'lunch': False, 'dinner': True, 'breakfast': False, 'brunch': False}","HappyHour":"False","HasTV":"False","Music":"{'dj': False, 'background_music': True, 'no_music': False, 'karaoke': False, 'live': False, 'video': False, 'jukebox': False}","NoiseLevel":"average","OutdoorSeating":"False","RestaurantsAttire":"casual","RestaurantsDelivery":"True","RestaurantsGoodForGroups":"True","RestaurantsPriceRange2":"2","RestaurantsReservations":"True","RestaurantsTableService":"True","RestaurantsTakeOut":"True","Smoking":"no"},"categories":"Nightlife, Wine Bars, Indian, Restaurants, Bars","hours":{"Monday":"17:0-22:0","Tuesday":"17:0-22:0","Wednesday":"17:0-22:0","Thursday":"17:0-22:0","Friday":"17:30-22:30","Saturday":"17:30-22:30","Sunday":"17:30-22:30"}}
{"business_id":"XEGzpaKszjDXqSJtLYwKsg","name":"Popular Nails","neighborhood":"","address":"3120 S Mill Ave","city":"Tempe","state":"AZ","postal_code":"85282","latitude":33.3948204829,"longitude":-111.940654628,"stars":3.0,"review_count":40,"is_open":1,"attributes":{"BikeParking":"True","BusinessAcceptsCreditCards":"True","BusinessParking":"{'garage': False, 'street': False, 'validated': False, 'lot': True, 'valet': False}","ByAppointmentOnly":"False","RestaurantsPriceRange2":"2"},"categories":"Beauty & Spas, Nail Salons","hours":{"Monday":"9:30-19:0","Tuesday":"9:30-19:0","Wednesday":"9:30-19:0","Thursday":"9:30-19:0","Friday":"9:30-19:0","Saturday":"9:30-18:0","Sunday":"11:0-17:0"}}
{"business_id":"od5dCR8QPU67t8Ku6CBezw","name":"Chase Bank","neighborhood":"","address":"444 W Broadway Rd","city":"Tempe","state":"AZ","postal_code":"85282","latitude":33.407784,"longitude":-111.945686,"stars":2.5,"review_count":5,"is_open":1,"attributes":null,"categories":"Financial Services, Banks & Credit Unions","hours":{"Monday":"9:0-18:0","Tuesday":"9:0-18:0","Wednesday":"9:0-18:0","Thursday":"9:0-18:0","Friday":"9:0-18:0","Saturday":"9:0-14:0"}}
